{
  "users": [
    {
      "firstName": "Sydney",
      "lastName": "Beard",
      "type": "private",
      "customerNumber": 123456789012,
      "cardNumber": 1234567890123456,
      "names":"Deepesh", 
      "offers": "10 percent discount on this card",
      "password": 1234567890,
      "pin": 12345678,
      "accounts": [
        {
          "other": 50000012345601,
          "accountType": "Personal",
          "accountSubType": "CurrentAccount",
          "productId": "123",
          "productName": "Xbox360",
          "productType": "Other",
          "otherScheme": "BBAN",
          "countryCode": "GB",
          "name": "Debit Account - NatWest - Sydney",
          "currency": "GBP",
          "balance": 20021.35,
          "beneficiaries": [
            {
              "other": "80540122222222",
              "otherScheme": "BBAN",
              "countryCode": "GB"
            },
            {
              "uniqueReference": "Ref2",
              "other": "93134999999999",
              "otherScheme": "BBAN",
              "countryCode": "GB",
              "name": "Name2",
              "agentId": "AgentId2",
              "agentScheme": "BICFI",
              "agentName": "AgentName2"
            }
          ],
          "directDebits": [
            {
              "mandateIdentification": "MandateId1",
              "name": "Name1"
            },
            {
              "mandateIdentification": "MandateId2",
              "name": "Name2",
              "status": "Active",
              "previousExecutionDateTime": "2018-02-01T00:00:00.000Z",
              "previousExecutionAmount": 101.12,
              "previousExecutionCcy": "GBP"
            }
          ],
          "standingOrders": [
            {
              "frequency": "EvryDay",
              "nextExecutionDateTime": "2019-02-01T00:00:00.000Z",
              "nextExecutionAmount": 26.48,
              "nextExecutionCcy": "GBP",
              "other": "80540122222222",
              "otherScheme": "BBAN",
              "countryCode": "GB"
            },
            {
              "frequency": "EvryWorkgDay",
              "reference": "Ref2",
              "firstExecutionDateTime": "2018-02-01T00:00:00.000Z",
              "firstExecutionAmount": 56.45,
              "firstExecutionCcy": "GBP",
              "nextExecutionDateTime": "2019-02-01T00:00:00.000Z",
              "nextExecutionAmount": 26.48,
              "nextExecutionCcy": "GBP",
              "finalExecutionDateTime": "2020-02-01T00:00:00.000Z",
              "finalExecutionAmount": 78.33,
              "finalExecutionCcy": "GBP",
              "status": "Active",
              "other": "93134999999999",
              "otherScheme": "BBAN",
              "countryCode": "GB",
              "name": "Account name 2"
            }
          ],
          "scheduledPayments": [
            {
              "dateTime": "2030-02-01T00:00:00.000Z",
              "amount": 13.37,
              "type": "Execution",
              "ccy": "GBP",
              "name": "Account name 1",
              "iban": "GB49AIBK93134999999999"
            },
            {
              "dateTime": "2030-02-01T00:00:00.000Z",
              "amount": 42,
              "type": "Arrival",
              "ccy": "GBP",
              "name": "Account name 2",
              "other": "80540122222222",
              "otherScheme": "BBAN",
              "countryCode": "GB"
            }
          ],
          "transactions": [
            {
              "amount": 250,
              "bookingDate": "2018-10-01T02:59:43.100Z",
              "cdtDbtInd": "DBIT",
              "counterparty": 50000012345602,
              "remittanceInf": "Monthly savings"
            },
            {
              "amount": 72.14,
              "bookingDate": "2018-10-11T02:59:43.100Z",
              "cdtDbtInd": "DBIT",
              "counterparty": 80540133333333,
              "remittanceInf": "Pizzeria Mama Roma"
            }
          ]
        },
        {
          "other": 50000012345602,
          "otherScheme": "BBAN",
          "countryCode": "GB",
          "name": "Savings Account - NatWest - Sydney",
          "currency": "GBP",
          "balance": 125430.92,
          "transactions": [
            {
              "amount": 250,
              "bookingDate": "2018-10-01T02:59:43.100Z",
              "cdtDbtInd": "CRDT",
              "counterparty": 50000012345601,
              "remittanceInf": "Monthly savings"
            }
          ]
        }
      ]
    },
    {
      "firstName": "Joseph",
      "lastName": "Anthony",
      "type": "business",
      "customerNumber": 123456789012,
      "cardNumber": 1234567890,
      "names":"Deepesh",
      "offers": "10 percent discount on Flipkart",
      "password": 1234567890,
      "pin": 12345678,
      "accounts": [
        {
          "other": 50000087654301,
          "otherScheme": "BBAN",
          "countryCode": "GB",
          "productName": "Playstation5",
          "name": "Debit Account - NatWest - Joseph",
          "currency": "GBP",
          "balance": 20021.35,
          "beneficiaries": [
            {
              "other": "80540122222222",
              "otherScheme": "BBAN",
              "countryCode": "GB"
            },
            {
              "uniqueReference": "Ref2",
              "other": "93134999999999",
              "otherScheme": "BBAN",
              "countryCode": "GB",
              "name": "Name2",
              "agentId": "AgentId2",
              "agentScheme": "BICFI",
              "agentName": "AgentName2"
            }
          ],
          "directDebits": [
            {
              "mandateIdentification": "MandateId1",
              "name": "Name1"
            },
            {
              "mandateIdentification": "MandateId2",
              "name": "Name2",
              "status": "Active",
              "previousExecutionDateTime": "2018-02-01T00:00:00.000Z",
              "previousExecutionAmount": 101.12,
              "previousExecutionCcy": "GBP"
            }
          ],
          "standingOrders": [
            {
              "frequency": "EvryDay",
              "nextExecutionDateTime": "2019-02-01T00:00:00.000Z",
              "nextExecutionAmount": 26.48,
              "nextExecutionCcy": "GBP",
              "other": "80540122222222",
              "otherScheme": "BBAN",
              "countryCode": "GB"
            },
            {
              "frequency": "EvryWorkgDay",
              "reference": "Ref2",
              "firstExecutionDateTime": "2018-02-01T00:00:00.000Z",
              "firstExecutionAmount": 56.45,
              "firstExecutionCcy": "GBP",
              "nextExecutionDateTime": "2019-02-01T00:00:00.000Z",
              "nextExecutionAmount": 26.48,
              "nextExecutionCcy": "GBP",
              "finalExecutionDateTime": "2020-02-01T00:00:00.000Z",
              "finalExecutionAmount": 78.33,
              "finalExecutionCcy": "GBP",
              "status": "Active",
              "other": "93134999999999",
              "otherScheme": "BBAN",
              "countryCode": "GB",
              "name": "Account name 2"
            }
          ],
          "scheduledPayments": [
            {
              "dateTime": "2030-02-01T00:00:00.000Z",
              "amount": 13.37,
              "type": "Execution",
              "ccy": "GBP",
              "name": "Account name 2",
              "iban": "GB49AIBK93134999999999"
            },
            {
              "dateTime": "2030-02-01T00:00:00.000Z",
              "amount": 42,
              "type": "Arrival",
              "ccy": "GBP",
              "name": "Account name 1",
              "other": "93134999999999",
              "otherScheme": "BBAN",
              "countryCode": "GB"
            }
          ],
          "transactions": [
            {
              "amount": 250,
              "bookingDate": "2018-10-01T02:59:43.100Z",
              "cdtDbtInd": "DBIT",
              "counterparty": 50000087654302,
              "remittanceInf": "Monthly savings"
            },
            {
              "amount": 72.14,
              "bookingDate": "2018-10-11T02:59:43.100Z",
              "cdtDbtInd": "DBIT",
              "counterparty": 80540133333333,
              "remittanceInf": "Pizzeria Mama Roma"
            }
          ]
        },
        {
          "other": 50000087654302,
          "otherScheme": "BBAN",
          "countryCode": "GB",
          "name": "Savings Account - NatWest - Joseph",
          "currency": "GBP",
          "balance": 125430.92,
          "transactions": [
            {
              "amount": 250,
              "bookingDate": "2018-10-01T02:59:43.100Z",
              "cdtDbtInd": "CRDT",
              "counterparty": 50000087654301,
              "remittanceInf": "Monthly savings"
            }
          ]
        }
      ]
    },
    {
      "firstName": "Dionne",
      "lastName": "Jefferson",
      "customerNumber": 1234567890178,
      "cardNumber": 1234567890234,
      "names":"Deepesh",
      "offers": "20 percent discount on Amazon",
      "type": "business",
      "username": "djefferson",
      "password": 1234567890,
      "pin": 12345678,
      "accounts": [
        {
          "other": 50000011223301,
          "otherScheme": "BBAN",
          "countryCode": "GB",
          "name": "Debit Account - NatWest - Dionne",
          "currency": "GBP",
          "balance": 20021.35,
          "beneficiaries": [
            {
              "other": "80540122222222",
              "otherScheme": "BBAN",
              "countryCode": "GB"
            },
            {
              "uniqueReference": "Ref2",
              "other": "93134999999999",
              "otherScheme": "BBAN",
              "countryCode": "GB",
              "name": "Name2",
              "agentId": "AgentId2",
              "agentScheme": "BICFI",
              "agentName": "AgentName2"
            }
          ],
          "directDebits": [
            {
              "mandateIdentification": "MandateId1",
              "name": "Name1"
            },
            {
              "mandateIdentification": "MandateId2",
              "name": "Name2",
              "status": "Active",
              "previousExecutionDateTime": "2018-02-01T00:00:00.000Z",
              "previousExecutionAmount": 101.12,
              "previousExecutionCcy": "GBP"
            }
          ],
          "standingOrders": [
            {
              "frequency": "EvryDay",
              "nextExecutionDateTime": "2019-02-01T00:00:00.000Z",
              "nextExecutionAmount": 26.48,
              "nextExecutionCcy": "GBP",
              "other": "80540122222222",
              "otherScheme": "BBAN",
              "countryCode": "GB"
            },
            {
              "frequency": "EvryWorkgDay",
              "reference": "Ref2",
              "firstExecutionDateTime": "2018-02-01T00:00:00.000Z",
              "firstExecutionAmount": 56.45,
              "firstExecutionCcy": "GBP",
              "nextExecutionDateTime": "2019-02-01T00:00:00.000Z",
              "nextExecutionAmount": 26.48,
              "nextExecutionCcy": "GBP",
              "finalExecutionDateTime": "2020-02-01T00:00:00.000Z",
              "finalExecutionAmount": 78.33,
              "finalExecutionCcy": "GBP",
              "status": "Active",
              "other": "93134999999999",
              "otherScheme": "BBAN",
              "countryCode": "GB",
              "name": "Account name 2"
            }
          ],
          "scheduledPayments": [
            {
              "dateTime": "2030-02-01T00:00:00.000Z",
              "amount": 13.37,
              "type": "Execution",
              "ccy": "GBP",
              "name": "Account name 2",
              "iban": "GB49AIBK93134999999999"
            },
            {
              "dateTime": "2030-02-01T00:00:00.000Z",
              "amount": 42,
              "type": "Arrival",
              "ccy": "GBP",
              "name": "Account name 1",
              "other": "93134999999999",
              "otherScheme": "BBAN",
              "countryCode": "GB"
            }
          ],
          "transactions": [
            {
              "amount": 250,
              "bookingDate": "2018-10-01T02:59:43.100Z",
              "cdtDbtInd": "DBIT",
              "counterparty": 50000011223302,
              "remittanceInf": "Monthly savings"
            },
            {
              "amount": 72.14,
              "bookingDate": "2018-10-11T02:59:43.100Z",
              "cdtDbtInd": "DBIT",
              "counterparty": 80540133333333,
              "remittanceInf": "Pizzeria Mama Roma"
            }
          ]
        },
        {
          "other": 50000011223302,
          "otherScheme": "BBAN",
          "countryCode": "GB",
          "name": "Savings Account - NatWest - Dionne",
          "currency": "GBP",
          "balance": 125430.92,
          "transactions": [
            {
              "amount": 250,
              "bookingDate": "2018-10-01T02:59:43.100Z",
              "cdtDbtInd": "CRDT",
              "counterparty": 50000011223301,
              "remittanceInf": "Monthly savings"
            }
          ]
        }
      ]
    }
  ]
}